add_author,2026-05-25T14:44:19
add_book,2026-05-25T14:44:19
add_reader,2026-05-25T14:44:19
list_books,2026-05-25T14:44:19
find_book_by_id,2026-05-25T14:44:19
update_book,2026-05-25T14:44:19
borrow_book,2026-05-25T14:44:19
return_book,2026-05-25T14:44:19
report_active_loans,2026-05-25T14:44:19
add_author,2026-05-25T14:44:27
add_book,2026-05-25T14:44:27
add_reader,2026-05-25T14:44:27
list_books,2026-05-25T14:44:27
find_book_by_id,2026-05-25T14:44:27
update_book,2026-05-25T14:44:27
borrow_book,2026-05-25T14:44:27
return_book,2026-05-25T14:44:27
report_active_loans,2026-05-25T14:44:27
add_author,2026-05-25T14:44:34
add_book,2026-05-25T14:44:34
add_reader,2026-05-25T14:44:34
list_books,2026-05-25T14:44:34
find_book_by_id,2026-05-25T14:44:34
update_book,2026-05-25T14:44:34
borrow_book,2026-05-25T14:44:34
return_book,2026-05-25T14:44:34
report_active_loans,2026-05-25T14:44:34
delete_reader,2026-05-25T14:44:34
add_author,2026-05-25T14:48:02
add_book,2026-05-25T14:48:02
add_reader,2026-05-25T14:48:02
list_books,2026-05-25T14:48:02
find_book_by_id,2026-05-25T14:48:02
update_book,2026-05-25T14:48:02
borrow_book,2026-05-25T14:48:02
return_book,2026-05-25T14:48:02
report_active_loans,2026-05-25T14:48:02
delete_reader,2026-05-25T14:48:02
